,,,Input file name TS,Solution cost,Time spent,,Input file name LA,Solution cost,Time spent,,
,,,ga250a-1__bf-0_a1-2.5_l-0.01-0.05,257957,12.16,,ga250a-1__bf-0_a1-2.5_idle-0.02_lh-0.05,257989,0.13,,
,,,ga250a-1__bf-0_a1-2.5_l-0.04-0.08,257971,10.53,,ga250a-1__bf-0_a1-2.5_idle-0.02_lh-0.1,257989,0.18,,
,,,ga250a-1__bf-0_a1-2.5_l-0.01-0.08,257971,19.79,,ga250a-1__bf-0_a1-2.5_idle-0.02_lh-0.5,258023,0.23,,
,,,ga250a-1__bf-1_a1-2.5_l-0.01-0.05,257971,16.00,,ga250a-1__bf-0_a1-2.5_idle-0.02_lh-1,258023,0.37,,
,,,ga250a-1__bf-1_a1-2.5_l-0.04-0.08,257984,15.92,,ga250a-1__bf-1_a1-2.5_idle-0.02_lh-10,258010,0.22,,
,,,ga250a-1__bf-1_a1-2.5_l-0.01-0.08,257971,15.25,,,,,,
,,,,,,,,,,,
,,,ga250a-2__bf-0_a1-2.5_l-0.01-0.05,257502,8.59,,ga250a-2__bf-0_a1-2.5_idle-0.02_lh-0.05,257596,0.01,,
,,,ga250a-2__bf-0_a1-2.5_l-0.04-0.08,257502,10.81,,ga250a-2__bf-0_a1-2.5_idle-0.02_lh-0.1,257596,0.02,,
,,,ga250a-2__bf-0_a1-2.5_l-0.01-0.08,257502,10.59,,ga250a-2__bf-0_a1-2.5_idle-0.02_lh-0.5,257596,0.13,,
,,,ga250a-2__bf-1_a1-2.5_l-0.01-0.05,257502,7.70,,ga250a-2__bf-0_a1-2.5_idle-0.02_lh-1,257570,0.32,,
,,,ga250a-2__bf-1_a1-2.5_l-0.04-0.08,257502,10.27,,ga250a-2__bf-1_a1-2.5_idle-0.02_lh-10,257583,0.15,,
,,,ga250a-2__bf-1_a1-2.5_l-0.01-0.08,257502,15.05,,,,,,
,,,,,,,,,,,
,,,ga250a-3__bf-0_a1-2.5_l-0.01-0.05,257953,19.80,,ga250a-3__bf-0_a1-2.5_idle-0.02_lh-0.05,258175,0.15,,
,,,ga250a-3__bf-0_a1-2.5_l-0.04-0.08,257977,13.39,,ga250a-3__bf-0_a1-2.5_idle-0.02_lh-0.1,258136,0.35,,
,,,ga250a-3__bf-0_a1-2.5_l-0.01-0.08,257986,27.10,,ga250a-3__bf-0_a1-2.5_idle-0.02_lh-0.5,258163,0.46,,
,,,ga250a-3__bf-1_a1-2.5_l-0.01-0.05,257988,21.91,,ga250a-3__bf-0_a1-2.5_idle-0.02_lh-1,258125,0.97,,
,,,ga250a-3__bf-1_a1-2.5_l-0.04-0.08,257976,15.62,,ga250a-3__bf-1_a1-2.5_idle-0.02_lh-10,258141,0.22,,
,,,ga250a-3__bf-1_a1-2.5_l-0.01-0.08,257966,14.87,,,,,,
,,,,,,,,,,,
,,,ga250a-4__bf-0_a1-2.5_l-0.01-0.05,257987,12.11,,ga250a-4__bf-0_a1-2.5_idle-0.02_lh-0.05,258117,0.14,,
,,,ga250a-4__bf-0_a1-2.5_l-0.04-0.08,257987,11.39,,ga250a-4__bf-0_a1-2.5_idle-0.02_lh-0.1,258117,0.14,,
,,,ga250a-4__bf-0_a1-2.5_l-0.01-0.08,258005,29.50,,ga250a-4__bf-0_a1-2.5_idle-0.02_lh-0.5,258123,0.31,,
,,,ga250a-4__bf-1_a1-2.5_l-0.01-0.05,257987,12.11,,ga250a-4__bf-0_a1-2.5_idle-0.02_lh-1,258074,1.08,,
,,,ga250a-4__bf-1_a1-2.5_l-0.04-0.08,257987,11.49,,ga250a-4__bf-1_a1-2.5_idle-0.02_lh-10,258108,0.20,,
,,,ga250a-4__bf-1_a1-2.5_l-0.01-0.08,257987,11.36,,,,,,
,,,,,,,,,,,
,,,ga250a-5__bf-0_a1-2.5_l-0.01-0.05,258199,10.24,,ga250a-5__bf-0_a1-2.5_idle-0.02_lh-0.05,258399,0.01,,
,,,ga250a-5__bf-0_a1-2.5_l-0.04-0.08,258204,11.25,,ga250a-5__bf-0_a1-2.5_idle-0.02_lh-0.1,258399,0.01,,
,,,ga250a-5__bf-0_a1-2.5_l-0.01-0.08,258199,16.68,,ga250a-5__bf-0_a1-2.5_idle-0.02_lh-0.5,258399,0.01,,
,,,ga250a-5__bf-1_a1-2.5_l-0.01-0.05,258201,16.21,,ga250a-5__bf-0_a1-2.5_idle-0.02_lh-1,258377,0.21,,
,,,ga250a-5__bf-1_a1-2.5_l-0.04-0.08,258204,15.06,,ga250a-5__bf-1_a1-2.5_idle-0.02_lh-10,258399,0.01,,
,,,ga250a-5__bf-1_a1-2.5_l-0.01-0.08,258204,11.90,,,,,,
,,,,,,,,,,,
,,,ga250b-1__bf-0_a1-2.5_l-0.01-0.05,276296,11.80,,ga250b-1__bf-0_a1-2.5_idle-0.02_lh-0.05,277216,0.05,,
,,,ga250b-1__bf-0_a1-2.5_l-0.04-0.08,276339,11.76,,ga250b-1__bf-0_a1-2.5_idle-0.02_lh-0.1,277216,0.05,,
,,,ga250b-1__bf-0_a1-2.5_l-0.01-0.08,276296,21.51,,ga250b-1__bf-0_a1-2.5_idle-0.02_lh-0.5,277216,0.05,,
,,,ga250b-1__bf-1_a1-2.5_l-0.01-0.05,276296,13.66,,ga250b-1__bf-0_a1-2.5_idle-0.02_lh-1,277216,0.05,,
,,,ga250b-1__bf-1_a1-2.5_l-0.04-0.08,276296,15.70,,ga250b-1__bf-1_a1-2.5_idle-0.02_lh-10,276453,0.26,,
,,,ga250b-1__bf-1_a1-2.5_l-0.01-0.08,276296,15.57,,,,,,
,,,,,,,,,,,
,,,ga250b-2__bf-0_a1-2.5_l-0.01-0.05,275141,12.08,,ga250b-2__bf-0_a1-2.5_idle-0.02_lh-0.05,275216,0.05,,
,,,ga250b-2__bf-0_a1-2.5_l-0.04-0.08,275150,12.75,,ga250b-2__bf-0_a1-2.5_idle-0.02_lh-0.1,275216,0.06,,
,,,ga250b-2__bf-0_a1-2.5_l-0.01-0.08,275141,15.86,,ga250b-2__bf-0_a1-2.5_idle-0.02_lh-0.5,275216,0.10,,
,,,ga250b-2__bf-1_a1-2.5_l-0.01-0.05,275141,10.95,,ga250b-2__bf-0_a1-2.5_idle-0.02_lh-1,275216,0.10,,
,,,ga250b-2__bf-1_a1-2.5_l-0.04-0.08,275141,18.92,,ga250b-2__bf-1_a1-2.5_idle-0.02_lh-10,275216,0.16,,
,,,ga250b-2__bf-1_a1-2.5_l-0.01-0.08,275141,17.52,,,,,,
,,,,,,,,,,,
,,,ga250b-3__bf-0_a1-2.5_l-0.01-0.05,276093,12.41,,ga250b-3__bf-0_a1-2.5_idle-0.02_lh-0.05,276140,0.01,,
,,,ga250b-3__bf-0_a1-2.5_l-0.04-0.08,276093,11.40,,ga250b-3__bf-0_a1-2.5_idle-0.02_lh-0.1,276140,0.01,,
,,,ga250b-3__bf-0_a1-2.5_l-0.01-0.08,276093,12.10,,ga250b-3__bf-0_a1-2.5_idle-0.02_lh-0.5,276140,0.07,,
,,,ga250b-3__bf-1_a1-2.5_l-0.01-0.05,276093,11.71,,ga250b-3__bf-0_a1-2.5_idle-0.02_lh-1,276140,0.07,,
,,,ga250b-3__bf-1_a1-2.5_l-0.04-0.08,276093,11.65,,ga250b-3__bf-1_a1-2.5_idle-0.02_lh-10,276093,0.13,,
,,,ga250b-3__bf-1_a1-2.5_l-0.01-0.08,276093,11.79,,,,,,
,,,,,,,,,,,
,,,ga250b-4__bf-0_a1-2.5_l-0.01-0.05,276332,14.64,,ga250b-4__bf-0_a1-2.5_idle-0.02_lh-0.05,277574,0.01,,
,,,ga250b-4__bf-0_a1-2.5_l-0.04-0.08,276347,11.39,,ga250b-4__bf-0_a1-2.5_idle-0.02_lh-0.1,277574,0.01,,
,,,ga250b-4__bf-0_a1-2.5_l-0.01-0.08,276347,11.71,,ga250b-4__bf-0_a1-2.5_idle-0.02_lh-0.5,277180,0.23,,
,,,ga250b-4__bf-1_a1-2.5_l-0.01-0.05,276332,23.67,,ga250b-4__bf-0_a1-2.5_idle-0.02_lh-1,276921,0.56,,
,,,ga250b-4__bf-1_a1-2.5_l-0.04-0.08,276347,12.68,,ga250b-4__bf-1_a1-2.5_idle-0.02_lh-10,276413,0.29,,
,,,ga250b-4__bf-1_a1-2.5_l-0.01-0.08,276347,13.18,,,,,,
,,,,,,,,,,,
,,,ga250b-5__bf-0_a1-2.5_l-0.01-0.05,276404,9.80,,ga250b-5__bf-0_a1-2.5_idle-0.02_lh-0.05,277508,0.01,,
,,,ga250b-5__bf-0_a1-2.5_l-0.04-0.08,276715,13.96,,ga250b-5__bf-0_a1-2.5_idle-0.02_lh-0.1,277508,0.01,,
,,,ga250b-5__bf-0_a1-2.5_l-0.01-0.08,276404,10.31,,ga250b-5__bf-0_a1-2.5_idle-0.02_lh-0.5,277508,0.01,,
,,,ga250b-5__bf-1_a1-2.5_l-0.01-0.05,276404,9.66,,ga250b-5__bf-0_a1-2.5_idle-0.02_lh-1,276689,0.41,,
,,,ga250b-5__bf-1_a1-2.5_l-0.04-0.08,276404,14.96,,ga250b-5__bf-1_a1-2.5_idle-0.02_lh-10,276896,0.11,,
,,,ga250b-5__bf-1_a1-2.5_l-0.01-0.08,276404,12.01,,,,,,
,,,,,,,,,,,
,,,ga250c-1__bf-0_a1-2.5_l-0.01-0.05,334541,18.33,,ga250c-1__bf-0_a1-2.5_idle-0.02_lh-0.05,335223,0.00,,
,,,ga250c-1__bf-0_a1-2.5_l-0.04-0.08,334694,12.60,,ga250c-1__bf-0_a1-2.5_idle-0.02_lh-0.1,335223,0.00,,
,,,ga250c-1__bf-0_a1-2.5_l-0.01-0.08,334658,24.11,,ga250c-1__bf-0_a1-2.5_idle-0.02_lh-0.5,335223,0.00,,
,,,ga250c-1__bf-1_a1-2.5_l-0.01-0.05,334135,13.95,,ga250c-1__bf-0_a1-2.5_idle-0.02_lh-1,335223,0.00,,
,,,ga250c-1__bf-1_a1-2.5_l-0.04-0.08,334135,19.05,,ga250c-1__bf-1_a1-2.5_idle-0.02_lh-10,335223,0.00,,
,,,ga250c-1__bf-1_a1-2.5_l-0.01-0.08,334135,22.26,,,,,,
,,,,,,,,,,,
,,,ga250c-2__bf-0_a1-2.5_l-0.01-0.05,330728,16.77,,ga250c-2__bf-0_a1-2.5_idle-0.02_lh-0.05,331344,0.00,,
,,,ga250c-2__bf-0_a1-2.5_l-0.04-0.08,331344,12.19,,ga250c-2__bf-0_a1-2.5_idle-0.02_lh-0.1,331344,0.00,,
,,,ga250c-2__bf-0_a1-2.5_l-0.01-0.08,330728,38.64,,ga250c-2__bf-0_a1-2.5_idle-0.02_lh-0.5,331344,0.00,,
,,,ga250c-2__bf-1_a1-2.5_l-0.01-0.05,330728,13.73,,ga250c-2__bf-0_a1-2.5_idle-0.02_lh-1,331344,0.00,,
,,,ga250c-2__bf-1_a1-2.5_l-0.04-0.08,330728,11.64,,ga250c-2__bf-1_a1-2.5_idle-0.02_lh-10,331344,0.00,,
,,,ga250c-2__bf-1_a1-2.5_l-0.01-0.08,330728,12.87,,,,,,
,,,,,,,,,,,
,,,ga250c-3__bf-0_a1-2.5_l-0.01-0.05,333662,17.72,,ga250c-3__bf-0_a1-2.5_idle-0.02_lh-0.05,333662,0.00,,
,,,ga250c-3__bf-0_a1-2.5_l-0.04-0.08,333662,13.16,,ga250c-3__bf-0_a1-2.5_idle-0.02_lh-0.1,333662,0.00,,
,,,ga250c-3__bf-0_a1-2.5_l-0.01-0.08,333662,15.26,,ga250c-3__bf-0_a1-2.5_idle-0.02_lh-0.5,333662,0.00,,
,,,ga250c-3__bf-1_a1-2.5_l-0.01-0.05,333662,15.76,,ga250c-3__bf-0_a1-2.5_idle-0.02_lh-1,333662,0.00,,
,,,ga250c-3__bf-1_a1-2.5_l-0.04-0.08,333662,13.37,,ga250c-3__bf-1_a1-2.5_idle-0.02_lh-10,333662,0.00,,
,,,ga250c-3__bf-1_a1-2.5_l-0.01-0.08,333662,14.50,,,,,,
,,,,,,,,,,,
,,,ga250c-4__bf-0_a1-2.5_l-0.01-0.05,332423,30.97,,ga250c-4__bf-0_a1-2.5_idle-0.02_lh-0.05,332541,0.00,,
,,,ga250c-4__bf-0_a1-2.5_l-0.04-0.08,332423,21.73,,ga250c-4__bf-0_a1-2.5_idle-0.02_lh-0.1,332541,0.00,,
,,,ga250c-4__bf-0_a1-2.5_l-0.01-0.08,332423,17.26,,ga250c-4__bf-0_a1-2.5_idle-0.02_lh-0.5,332541,0.00,,
,,,ga250c-4__bf-1_a1-2.5_l-0.01-0.05,332423,13.72,,ga250c-4__bf-0_a1-2.5_idle-0.02_lh-1,332541,0.00,,
,,,ga250c-4__bf-1_a1-2.5_l-0.04-0.08,332423,11.46,,ga250c-4__bf-1_a1-2.5_idle-0.02_lh-10,332541,0.00,,
,,,ga250c-4__bf-1_a1-2.5_l-0.01-0.08,332423,11.99,,,,,,
,,,,,,,,,,,
,,,ga250c-5__bf-0_a1-2.5_l-0.01-0.05,333538,20.98,,ga250c-5__bf-0_a1-2.5_idle-0.02_lh-0.05,335511,0.00,,
,,,ga250c-5__bf-0_a1-2.5_l-0.04-0.08,333538,12.01,,ga250c-5__bf-0_a1-2.5_idle-0.02_lh-0.1,335511,0.00,,
,,,ga250c-5__bf-0_a1-2.5_l-0.01-0.08,333538,13.85,,ga250c-5__bf-0_a1-2.5_idle-0.02_lh-0.5,335511,0.00,,
,,,ga250c-5__bf-1_a1-2.5_l-0.01-0.05,333538,9.92,,ga250c-5__bf-0_a1-2.5_idle-0.02_lh-1,335511,0.00,,
,,,ga250c-5__bf-1_a1-2.5_l-0.04-0.08,333538,21.18,,ga250c-5__bf-1_a1-2.5_idle-0.02_lh-10,335511,0.00,,
,,,ga250c-5__bf-1_a1-2.5_l-0.01-0.08,333538,10.19,,,,,,
,,,,,,,,,,,
,,,ga500a-1__bf-0_a1-2.5_l-0.01-0.05,511414,180.70,,ga500a-1__bf-0_a1-2.5_idle-0.02_lh-0.05,511523,1.38,,
,,,ga500a-1__bf-0_a1-2.5_l-0.04-0.08,511450,170.94,,ga500a-1__bf-0_a1-2.5_idle-0.02_lh-0.1,511414,3.38,,
,,,ga500a-1__bf-0_a1-2.5_l-0.01-0.08,511432,179.21,,ga500a-1__bf-0_a1-2.5_idle-0.02_lh-0.5,511532,7.25,,
,,,ga500a-1__bf-1_a1-2.5_l-0.01-0.05,511413,175.38,,ga500a-1__bf-0_a1-2.5_idle-0.02_lh-1,511491,14.88,,
,,,ga500a-1__bf-1_a1-2.5_l-0.04-0.08,511440,230.14,,ga500a-1__bf-1_a1-2.5_idle-0.02_lh-10,511518,1.72,,
,,,ga500a-1__bf-1_a1-2.5_l-0.01-0.08,511390,321.96,,,,,,
,,,,,,,,,,,
,,,ga500a-2__bf-0_a1-2.5_l-0.01-0.05,511279,501.80,,ga500a-2__bf-0_a1-2.5_idle-0.02_lh-0.05,511485,1.34,,
,,,ga500a-2__bf-0_a1-2.5_l-0.04-0.08,511299,348.29,,ga500a-2__bf-0_a1-2.5_idle-0.02_lh-0.1,511505,2.49,,
,,,ga500a-2__bf-0_a1-2.5_l-0.01-0.08,511294,305.14,,ga500a-2__bf-0_a1-2.5_idle-0.02_lh-0.5,511463,11.23,,
,,,ga500a-2__bf-1_a1-2.5_l-0.01-0.05,511266,619.64,,ga500a-2__bf-0_a1-2.5_idle-0.02_lh-1,511491,6.68,,
,,,ga500a-2__bf-1_a1-2.5_l-0.04-0.08,511324,211.11,,ga500a-2__bf-1_a1-2.5_idle-0.02_lh-10,511485,2.89,,
,,,ga500a-2__bf-1_a1-2.5_l-0.01-0.08,511278,318.44,,,,,,
,,,,,,,,,,,
,,,ga500a-3__bf-0_a1-2.5_l-0.01-0.05,510810,241.25,,ga500a-3__bf-0_a1-2.5_idle-0.02_lh-0.05,511199,0.12,,
,,,ga500a-3__bf-0_a1-2.5_l-0.04-0.08,510878,229.09,,ga500a-3__bf-0_a1-2.5_idle-0.02_lh-0.1,511004,6.65,,
,,,ga500a-3__bf-0_a1-2.5_l-0.01-0.08,510813,314.12,,ga500a-3__bf-0_a1-2.5_idle-0.02_lh-0.5,511040,18.87,,
,,,ga500a-3__bf-1_a1-2.5_l-0.01-0.05,510813,358.19,,ga500a-3__bf-0_a1-2.5_idle-0.02_lh-1,511115,15.91,,
,,,ga500a-3__bf-1_a1-2.5_l-0.04-0.08,510826,215.25,,ga500a-3__bf-1_a1-2.5_idle-0.02_lh-10,511000,4.88,,
,,,ga500a-3__bf-1_a1-2.5_l-0.01-0.08,510855,355.30,,,,,,
,,,,,,,,,,,
,,,ga500a-4__bf-0_a1-2.5_l-0.01-0.05,511050,335.89,,ga500a-4__bf-0_a1-2.5_idle-0.02_lh-0.05,511158,0.04,,
,,,ga500a-4__bf-0_a1-2.5_l-0.04-0.08,511079,287.72,,ga500a-4__bf-0_a1-2.5_idle-0.02_lh-0.1,511158,0.19,,
,,,ga500a-4__bf-0_a1-2.5_l-0.01-0.08,511074,267.19,,ga500a-4__bf-0_a1-2.5_idle-0.02_lh-0.5,511055,6.28,,
,,,ga500a-4__bf-1_a1-2.5_l-0.01-0.05,511051,273.33,,ga500a-4__bf-0_a1-2.5_idle-0.02_lh-1,511114,5.26,,
,,,ga500a-4__bf-1_a1-2.5_l-0.04-0.08,511054,197.13,,ga500a-4__bf-1_a1-2.5_idle-0.02_lh-10,511117,2.51,,
,,,ga500a-4__bf-1_a1-2.5_l-0.01-0.08,511059,180.24,,,,,,
,,,,,,,,,,,
,,,ga500a-5__bf-0_a1-2.5_l-0.01-0.05,511256,206.64,,ga500a-5__bf-0_a1-2.5_idle-0.02_lh-0.05,511378,3.20,,
,,,ga500a-5__bf-0_a1-2.5_l-0.04-0.08,511256,176.30,,ga500a-5__bf-0_a1-2.5_idle-0.02_lh-0.1,511344,3.48,,
,,,ga500a-5__bf-0_a1-2.5_l-0.01-0.08,511229,272.96,,ga500a-5__bf-0_a1-2.5_idle-0.02_lh-0.5,511357,8.61,,
,,,ga500a-5__bf-1_a1-2.5_l-0.01-0.05,511256,173.75,,ga500a-5__bf-0_a1-2.5_idle-0.02_lh-1,511462,5.22,,
,,,ga500a-5__bf-1_a1-2.5_l-0.04-0.08,511256,174.34,,ga500a-5__bf-1_a1-2.5_idle-0.02_lh-10,511256,3.23,,
,,,ga500a-5__bf-1_a1-2.5_l-0.01-0.08,511256,169.15,,,,,,
,,,,,,,,,,,
,,,ga500b-1__bf-0_a1-2.5_l-0.01-0.05,538060,207.41,,ga500b-1__bf-0_a1-2.5_idle-0.02_lh-0.05,538067,0.68,,
,,,ga500b-1__bf-0_a1-2.5_l-0.04-0.08,538060,178.44,,ga500b-1__bf-0_a1-2.5_idle-0.02_lh-0.1,538067,0.68,,
,,,ga500b-1__bf-0_a1-2.5_l-0.01-0.08,538060,180.40,,ga500b-1__bf-0_a1-2.5_idle-0.02_lh-0.5,538067,1.18,,
,,,ga500b-1__bf-1_a1-2.5_l-0.01-0.05,538060,174.88,,ga500b-1__bf-0_a1-2.5_idle-0.02_lh-1,538069,0.73,,
,,,ga500b-1__bf-1_a1-2.5_l-0.04-0.08,538060,168.92,,ga500b-1__bf-1_a1-2.5_idle-0.02_lh-10,538060,1.11,,
,,,ga500b-1__bf-1_a1-2.5_l-0.01-0.08,538060,178.13,,,,,,
,,,,,,,,,,,
,,,ga500b-2__bf-0_a1-2.5_l-0.01-0.05,537857,231.76,,ga500b-2__bf-0_a1-2.5_idle-0.02_lh-0.05,538402,0.54,,
,,,ga500b-2__bf-0_a1-2.5_l-0.04-0.08,538222,195.36,,ga500b-2__bf-0_a1-2.5_idle-0.02_lh-0.1,538239,2.86,,
,,,ga500b-2__bf-0_a1-2.5_l-0.01-0.08,538235,211.83,,ga500b-2__bf-0_a1-2.5_idle-0.02_lh-0.5,538608,1.91,,
,,,ga500b-2__bf-1_a1-2.5_l-0.01-0.05,537921,278.30,,ga500b-2__bf-0_a1-2.5_idle-0.02_lh-1,538716,3.26,,
,,,ga500b-2__bf-1_a1-2.5_l-0.04-0.08,538177,179.32,,ga500b-2__bf-1_a1-2.5_idle-0.02_lh-10,538177,1.36,,
,,,ga500b-2__bf-1_a1-2.5_l-0.01-0.08,537910,257.67,,,,,,
,,,,,,,,,,,
,,,ga500b-3__bf-0_a1-2.5_l-0.01-0.05,538048,246.80,,ga500b-3__bf-0_a1-2.5_idle-0.02_lh-0.05,539140,0.06,,
,,,ga500b-3__bf-0_a1-2.5_l-0.04-0.08,538255,244.55,,ga500b-3__bf-0_a1-2.5_idle-0.02_lh-0.1,539140,0.05,,
,,,ga500b-3__bf-0_a1-2.5_l-0.01-0.08,537924,218.10,,ga500b-3__bf-0_a1-2.5_idle-0.02_lh-0.5,538766,2.12,,
,,,ga500b-3__bf-1_a1-2.5_l-0.01-0.05,538109,201.30,,ga500b-3__bf-0_a1-2.5_idle-0.02_lh-1,538766,2.56,,
,,,ga500b-3__bf-1_a1-2.5_l-0.04-0.08,538497,200.96,,ga500b-3__bf-1_a1-2.5_idle-0.02_lh-10,538887,2.30,,
,,,ga500b-3__bf-1_a1-2.5_l-0.01-0.08,537924,243.72,,,,,,
,,,,,,,,,,,
,,,ga500b-4__bf-0_a1-2.5_l-0.01-0.05,537968,314.84,,ga500b-4__bf-0_a1-2.5_idle-0.02_lh-0.05,538287,0.45,,
,,,ga500b-4__bf-0_a1-2.5_l-0.04-0.08,538219,188.90,,ga500b-4__bf-0_a1-2.5_idle-0.02_lh-0.1,538287,0.43,,
,,,ga500b-4__bf-0_a1-2.5_l-0.01-0.08,538219,180.38,,ga500b-4__bf-0_a1-2.5_idle-0.02_lh-0.5,538205,1.97,,
,,,ga500b-4__bf-1_a1-2.5_l-0.01-0.05,537925,430.81,,ga500b-4__bf-0_a1-2.5_idle-0.02_lh-1,538287,2.15,,
,,,ga500b-4__bf-1_a1-2.5_l-0.04-0.08,538204,326.68,,ga500b-4__bf-1_a1-2.5_idle-0.02_lh-10,538287,0.89,,
,,,ga500b-4__bf-1_a1-2.5_l-0.01-0.08,538030,199.39,,,,,,
,,,,,,,,,,,
,,,ga500b-5__bf-0_a1-2.5_l-0.01-0.05,537482,437.53,,ga500b-5__bf-0_a1-2.5_idle-0.02_lh-0.05,538036,0.07,,
,,,ga500b-5__bf-0_a1-2.5_l-0.04-0.08,537889,232.74,,ga500b-5__bf-0_a1-2.5_idle-0.02_lh-0.1,538036,0.06,,
,,,ga500b-5__bf-0_a1-2.5_l-0.01-0.08,537715,349.62,,ga500b-5__bf-0_a1-2.5_idle-0.02_lh-0.5,538036,0.72,,
,,,ga500b-5__bf-1_a1-2.5_l-0.01-0.05,537548,241.35,,ga500b-5__bf-0_a1-2.5_idle-0.02_lh-1,538036,0.66,,
,,,ga500b-5__bf-1_a1-2.5_l-0.04-0.08,537849,187.25,,ga500b-5__bf-1_a1-2.5_idle-0.02_lh-10,538036,0.20,,
,,,ga500b-5__bf-1_a1-2.5_l-0.01-0.08,537648,297.46,,,,,,
,,,,,,,,,,,
,,,ga500c-1__bf-0_a1-2.5_l-0.01-0.05,621581,258.03,,ga500c-1__bf-0_a1-2.5_idle-0.02_lh-0.05,622936,0.00,,
,,,ga500c-1__bf-0_a1-2.5_l-0.04-0.08,621581,187.29,,ga500c-1__bf-0_a1-2.5_idle-0.02_lh-0.1,622936,0.00,,
,,,ga500c-1__bf-0_a1-2.5_l-0.01-0.08,621581,205.31,,ga500c-1__bf-0_a1-2.5_idle-0.02_lh-0.5,622936,0.00,,
,,,ga500c-1__bf-1_a1-2.5_l-0.01-0.05,621505,241.45,,ga500c-1__bf-0_a1-2.5_idle-0.02_lh-1,622936,0.00,,
,,,ga500c-1__bf-1_a1-2.5_l-0.04-0.08,621581,187.72,,ga500c-1__bf-1_a1-2.5_idle-0.02_lh-10,622936,0.00,,
,,,ga500c-1__bf-1_a1-2.5_l-0.01-0.08,621581,203.20,,,,,,
,,,,,,,,,,,
,,,ga500c-2__bf-0_a1-2.5_l-0.01-0.05,622464,416.57,,ga500c-2__bf-0_a1-2.5_idle-0.02_lh-0.05,622940,0.00,,
,,,ga500c-2__bf-0_a1-2.5_l-0.04-0.08,622940,194.09,,ga500c-2__bf-0_a1-2.5_idle-0.02_lh-0.1,622940,0.00,,
,,,ga500c-2__bf-0_a1-2.5_l-0.01-0.08,622940,203.06,,ga500c-2__bf-0_a1-2.5_idle-0.02_lh-0.5,622940,0.00,,
,,,ga500c-2__bf-1_a1-2.5_l-0.01-0.05,621464,260.68,,ga500c-2__bf-0_a1-2.5_idle-0.02_lh-1,622940,0.00,,
,,,ga500c-2__bf-1_a1-2.5_l-0.04-0.08,622628,192.16,,ga500c-2__bf-1_a1-2.5_idle-0.02_lh-10,622940,0.00,,
,,,ga500c-2__bf-1_a1-2.5_l-0.01-0.08,622464,307.40,,,,,,
,,,,,,,,,,,
,,,ga500c-3__bf-0_a1-2.5_l-0.01-0.05,621672,231.29,,ga500c-3__bf-0_a1-2.5_idle-0.02_lh-0.05,622593,0.00,,
,,,ga500c-3__bf-0_a1-2.5_l-0.04-0.08,621672,198.62,,ga500c-3__bf-0_a1-2.5_idle-0.02_lh-0.1,622593,0.00,,
,,,ga500c-3__bf-0_a1-2.5_l-0.01-0.08,621672,210.63,,ga500c-3__bf-0_a1-2.5_idle-0.02_lh-0.5,622593,0.00,,
,,,ga500c-3__bf-1_a1-2.5_l-0.01-0.05,621428,479.82,,ga500c-3__bf-0_a1-2.5_idle-0.02_lh-1,622593,0.00,,
,,,ga500c-3__bf-1_a1-2.5_l-0.04-0.08,621841,198.31,,ga500c-3__bf-1_a1-2.5_idle-0.02_lh-10,622593,0.00,,
,,,ga500c-3__bf-1_a1-2.5_l-0.01-0.08,621841,208.48,,,,,,
,,,,,,,,,,,
,,,ga500c-4__bf-0_a1-2.5_l-0.01-0.05,622042,210.89,,ga500c-4__bf-0_a1-2.5_idle-0.02_lh-0.05,622117,0.00,,
,,,ga500c-4__bf-0_a1-2.5_l-0.04-0.08,622042,191.91,,ga500c-4__bf-0_a1-2.5_idle-0.02_lh-0.1,622117,0.00,,
,,,ga500c-4__bf-0_a1-2.5_l-0.01-0.08,622042,198.31,,ga500c-4__bf-0_a1-2.5_idle-0.02_lh-0.5,622117,0.00,,
,,,ga500c-4__bf-1_a1-2.5_l-0.01-0.05,621754,373.87,,ga500c-4__bf-0_a1-2.5_idle-0.02_lh-1,622117,0.00,,
,,,ga500c-4__bf-1_a1-2.5_l-0.04-0.08,622042,191.88,,ga500c-4__bf-1_a1-2.5_idle-0.02_lh-10,622117,0.00,,
,,,ga500c-4__bf-1_a1-2.5_l-0.01-0.08,622042,197.49,,,,,,
,,,,,,,,,,,
,,,ga500c-5__bf-0_a1-2.5_l-0.01-0.05,621397,379.88,,ga500c-5__bf-0_a1-2.5_idle-0.02_lh-0.05,622365,0.00,,
,,,ga500c-5__bf-0_a1-2.5_l-0.04-0.08,622365,208.86,,ga500c-5__bf-0_a1-2.5_idle-0.02_lh-0.1,622365,0.00,,
,,,ga500c-5__bf-0_a1-2.5_l-0.01-0.08,622181,346.45,,ga500c-5__bf-0_a1-2.5_idle-0.02_lh-0.5,622365,0.00,,
,,,ga500c-5__bf-1_a1-2.5_l-0.01-0.05,621313,253.13,,ga500c-5__bf-0_a1-2.5_idle-0.02_lh-1,622365,0.00,,
,,,ga500c-5__bf-1_a1-2.5_l-0.04-0.08,621447,218.49,,ga500c-5__bf-1_a1-2.5_idle-0.02_lh-10,622365,0.00,,
,,,ga500c-5__bf-1_a1-2.5_l-0.01-0.08,621447,224.06,,,,,,
,,,,,,,,,,,
,,,ga750a-1__bf-0_a1-2.5_l-0.01-0.05,763532,1008.79,,ga750a-1__bf-0_a1-2.5_idle-0.02_lh-0.05,763807,8.09,,
,,,ga750a-1__bf-0_a1-2.5_l-0.04-0.08,763622,1930.84,,ga750a-1__bf-0_a1-2.5_idle-0.02_lh-0.1,763682,17.28,,
,,,ga750a-1__bf-0_a1-2.5_l-0.01-0.08,763587,1756.52,,ga750a-1__bf-0_a1-2.5_idle-0.02_lh-0.5,763620,99.23,,
,,,ga750a-1__bf-1_a1-2.5_l-0.01-0.05,763532,1190.69,,ga750a-1__bf-0_a1-2.5_idle-0.02_lh-1,763665,130.34,,
,,,ga750a-1__bf-1_a1-2.5_l-0.04-0.08,763528,966.06,,ga750a-1__bf-1_a1-2.5_idle-0.02_lh-10,763701,11.89,,
,,,ga750a-1__bf-1_a1-2.5_l-0.01-0.08,763638,1179.32,,,,,,
,,,,,,,,,,,
,,,ga750a-2__bf-0_a1-2.5_l-0.01-0.05,763647,2043.24,,ga750a-2__bf-0_a1-2.5_idle-0.02_lh-0.05,763901,17.67,,
,,,ga750a-2__bf-0_a1-2.5_l-0.04-0.08,763783,1541.10,,ga750a-2__bf-0_a1-2.5_idle-0.02_lh-0.1,763835,29.21,,
,,,ga750a-2__bf-0_a1-2.5_l-0.01-0.08,763710,1215.15,,ga750a-2__bf-0_a1-2.5_idle-0.02_lh-0.5,763824,115.36,,
,,,ga750a-2__bf-1_a1-2.5_l-0.01-0.05,763659,1270.39,,ga750a-2__bf-0_a1-2.5_idle-0.02_lh-1,763957,46.46,,
,,,ga750a-2__bf-1_a1-2.5_l-0.04-0.08,763748,1142.51,,ga750a-2__bf-1_a1-2.5_idle-0.02_lh-10,763812,12.40,,
,,,ga750a-2__bf-1_a1-2.5_l-0.01-0.08,763666,1828.52,,,,,,
,,,,,,,,,,,
,,,ga750a-3__bf-0_a1-2.5_l-0.01-0.05,763727,1005.26,,ga750a-3__bf-0_a1-2.5_idle-0.02_lh-0.05,763871,7.64,,
,,,ga750a-3__bf-0_a1-2.5_l-0.04-0.08,763783,964.58,,ga750a-3__bf-0_a1-2.5_idle-0.02_lh-0.1,763903,5.94,,
,,,ga750a-3__bf-0_a1-2.5_l-0.01-0.08,763783,959.90,,ga750a-3__bf-0_a1-2.5_idle-0.02_lh-0.5,763800,62.13,,
,,,ga750a-3__bf-1_a1-2.5_l-0.01-0.05,763704,1968.97,,ga750a-3__bf-0_a1-2.5_idle-0.02_lh-1,763876,36.69,,
,,,ga750a-3__bf-1_a1-2.5_l-0.04-0.08,763763,964.04,,ga750a-3__bf-1_a1-2.5_idle-0.02_lh-10,763897,9.66,,
,,,ga750a-3__bf-1_a1-2.5_l-0.01-0.08,763763,992.13,,,,,,
,,,,,,,,,,,
,,,ga750a-4__bf-0_a1-2.5_l-0.01-0.05,763977,1049.08,,ga750a-4__bf-0_a1-2.5_idle-0.02_lh-0.05,763988,12.91,,
,,,ga750a-4__bf-0_a1-2.5_l-0.04-0.08,763977,984.63,,ga750a-4__bf-0_a1-2.5_idle-0.02_lh-0.1,763990,15.59,,
,,,ga750a-4__bf-0_a1-2.5_l-0.01-0.08,763977,972.92,,ga750a-4__bf-0_a1-2.5_idle-0.02_lh-0.5,764050,23.53,,
,,,ga750a-4__bf-1_a1-2.5_l-0.01-0.05,763968,951.01,,ga750a-4__bf-0_a1-2.5_idle-0.02_lh-1,764087,17.26,,
,,,ga750a-4__bf-1_a1-2.5_l-0.04-0.08,763968,973.74,,ga750a-4__bf-1_a1-2.5_idle-0.02_lh-10,763968,5.50,,
,,,ga750a-4__bf-1_a1-2.5_l-0.01-0.08,763968,988.31,,,,,,
,,,,,,,,,,,
,,,ga750a-5__bf-0_a1-2.5_l-0.01-0.05,763845,1367.40,,ga750a-5__bf-0_a1-2.5_idle-0.02_lh-0.05,764186,3.11,,
,,,ga750a-5__bf-0_a1-2.5_l-0.04-0.08,763949,1054.82,,ga750a-5__bf-0_a1-2.5_idle-0.02_lh-0.1,764186,3.10,,
,,,ga750a-5__bf-0_a1-2.5_l-0.01-0.08,763851,1808.24,,ga750a-5__bf-0_a1-2.5_idle-0.02_lh-0.5,764148,23.69,,
,,,ga750a-5__bf-1_a1-2.5_l-0.01-0.05,763898,1094.92,,ga750a-5__bf-0_a1-2.5_idle-0.02_lh-1,764082,78.97,,
,,,ga750a-5__bf-1_a1-2.5_l-0.04-0.08,763942,1170.84,,ga750a-5__bf-1_a1-2.5_idle-0.02_lh-10,764176,3.57,,
,,,ga750a-5__bf-1_a1-2.5_l-0.01-0.08,763950,1567.82,,,,,,
,,,,,,,,,,,
,,,ga750b-1__bf-0_a1-2.5_l-0.01-0.05,796518,1067.17,,ga750b-1__bf-0_a1-2.5_idle-0.02_lh-0.05,797200,0.00,,
,,,ga750b-1__bf-0_a1-2.5_l-0.04-0.08,797009,959.89,,ga750b-1__bf-0_a1-2.5_idle-0.02_lh-0.1,797200,0.00,,
,,,ga750b-1__bf-0_a1-2.5_l-0.01-0.08,796626,1533.63,,ga750b-1__bf-0_a1-2.5_idle-0.02_lh-0.5,797200,0.00,,
,,,ga750b-1__bf-1_a1-2.5_l-0.01-0.05,796560,969.15,,ga750b-1__bf-0_a1-2.5_idle-0.02_lh-1,797200,0.00,,
,,,ga750b-1__bf-1_a1-2.5_l-0.04-0.08,797138,1161.73,,ga750b-1__bf-1_a1-2.5_idle-0.02_lh-10,797200,0.00,,
,,,ga750b-1__bf-1_a1-2.5_l-0.01-0.08,796518,1382.55,,,,,,
,,,,,,,,,,,
,,,ga750b-2__bf-0_a1-2.5_l-0.01-0.05,796192,1813.64,,ga750b-2__bf-0_a1-2.5_idle-0.02_lh-0.05,796403,3.91,,
,,,ga750b-2__bf-0_a1-2.5_l-0.04-0.08,796403,1127.86,,ga750b-2__bf-0_a1-2.5_idle-0.02_lh-0.1,796403,5.38,,
,,,ga750b-2__bf-0_a1-2.5_l-0.01-0.08,796403,1147.98,,ga750b-2__bf-0_a1-2.5_idle-0.02_lh-0.5,796417,9.71,,
,,,ga750b-2__bf-1_a1-2.5_l-0.01-0.05,796052,1181.82,,ga750b-2__bf-0_a1-2.5_idle-0.02_lh-1,796417,8.81,,
,,,ga750b-2__bf-1_a1-2.5_l-0.04-0.08,796362,1127.58,,ga750b-2__bf-1_a1-2.5_idle-0.02_lh-10,796362,5.99,,
,,,ga750b-2__bf-1_a1-2.5_l-0.01-0.08,796362,1089.87,,,,,,
,,,,,,,,,,,
,,,ga750b-3__bf-0_a1-2.5_l-0.01-0.05,796421,1021.53,,ga750b-3__bf-0_a1-2.5_idle-0.02_lh-0.05,796656,8.98,,
,,,ga750b-3__bf-0_a1-2.5_l-0.04-0.08,796421,1036.39,,ga750b-3__bf-0_a1-2.5_idle-0.02_lh-0.1,796656,8.95,,
,,,ga750b-3__bf-0_a1-2.5_l-0.01-0.08,796421,1158.47,,ga750b-3__bf-0_a1-2.5_idle-0.02_lh-0.5,796852,12.37,,
,,,ga750b-3__bf-1_a1-2.5_l-0.01-0.05,796260,1681.06,,ga750b-3__bf-0_a1-2.5_idle-0.02_lh-1,796967,15.87,,
,,,ga750b-3__bf-1_a1-2.5_l-0.04-0.08,796793,994.55,,ga750b-3__bf-1_a1-2.5_idle-0.02_lh-10,796444,17.71,,
,,,ga750b-3__bf-1_a1-2.5_l-0.01-0.08,796485,1741.64,,,,,,
,,,,,,,,,,,
,,,ga750b-4__bf-0_a1-2.5_l-0.01-0.05,797017,1176.34,,ga750b-4__bf-0_a1-2.5_idle-0.02_lh-0.05,797798,0.15,,
,,,ga750b-4__bf-0_a1-2.5_l-0.04-0.08,797596,1063.51,,ga750b-4__bf-0_a1-2.5_idle-0.02_lh-0.1,797798,0.15,,
,,,ga750b-4__bf-0_a1-2.5_l-0.01-0.08,797596,1314.68,,ga750b-4__bf-0_a1-2.5_idle-0.02_lh-0.5,797466,14.33,,
,,,ga750b-4__bf-1_a1-2.5_l-0.01-0.05,797104,1066.68,,ga750b-4__bf-0_a1-2.5_idle-0.02_lh-1,797157,41.31,,
,,,ga750b-4__bf-1_a1-2.5_l-0.04-0.08,797164,1053.17,,ga750b-4__bf-1_a1-2.5_idle-0.02_lh-10,797045,13.12,,
,,,ga750b-4__bf-1_a1-2.5_l-0.01-0.08,797164,1062.43,,,,,,
,,,,,,,,,,,
,,,ga750b-5__bf-0_a1-2.5_l-0.01-0.05,796537,1118.46,,ga750b-5__bf-0_a1-2.5_idle-0.02_lh-0.05,796537,0.16,,
,,,ga750b-5__bf-0_a1-2.5_l-0.04-0.08,796537,1087.64,,ga750b-5__bf-0_a1-2.5_idle-0.02_lh-0.1,796537,0.16,,
,,,ga750b-5__bf-0_a1-2.5_l-0.01-0.08,796537,1100.39,,ga750b-5__bf-0_a1-2.5_idle-0.02_lh-0.5,796537,2.07,,
,,,ga750b-5__bf-1_a1-2.5_l-0.01-0.05,796404,1389.10,,ga750b-5__bf-0_a1-2.5_idle-0.02_lh-1,796537,2.09,,
,,,ga750b-5__bf-1_a1-2.5_l-0.04-0.08,796537,1044.47,,ga750b-5__bf-1_a1-2.5_idle-0.02_lh-10,796537,1.31,,
,,,ga750b-5__bf-1_a1-2.5_l-0.01-0.08,796537,1058.57,,,,,,
,,,,,,,,,,,
,,,ga750c-1__bf-0_a1-2.5_l-0.01-0.05,902639,1185.28,,ga750c-1__bf-0_a1-2.5_idle-0.02_lh-0.05,904117,0.22,,
,,,ga750c-1__bf-0_a1-2.5_l-0.04-0.08,902639,935.00,,ga750c-1__bf-0_a1-2.5_idle-0.02_lh-0.1,904117,0.22,,
,,,ga750c-1__bf-0_a1-2.5_l-0.01-0.08,902639,978.12,,ga750c-1__bf-0_a1-2.5_idle-0.02_lh-0.5,904117,0.22,,
,,,ga750c-1__bf-1_a1-2.5_l-0.01-0.05,902771,1036.72,,ga750c-1__bf-0_a1-2.5_idle-0.02_lh-1,904117,0.22,,
,,,ga750c-1__bf-1_a1-2.5_l-0.04-0.08,902832,919.83,,ga750c-1__bf-1_a1-2.5_idle-0.02_lh-10,902832,2.72,,
,,,ga750c-1__bf-1_a1-2.5_l-0.01-0.08,902832,985.82,,,,,,
,,,,,,,,,,,
,,,ga750c-2__bf-0_a1-2.5_l-0.01-0.05,900602,1551.86,,ga750c-2__bf-0_a1-2.5_idle-0.02_lh-0.05,900602,0.00,,
,,,ga750c-2__bf-0_a1-2.5_l-0.04-0.08,900602,1178.93,,ga750c-2__bf-0_a1-2.5_idle-0.02_lh-0.1,900602,0.00,,
,,,ga750c-2__bf-0_a1-2.5_l-0.01-0.08,900602,1258.89,,ga750c-2__bf-0_a1-2.5_idle-0.02_lh-0.5,900602,0.00,,
,,,ga750c-2__bf-1_a1-2.5_l-0.01-0.05,900536,1963.55,,ga750c-2__bf-0_a1-2.5_idle-0.02_lh-1,900602,0.00,,
,,,ga750c-2__bf-1_a1-2.5_l-0.04-0.08,900602,1185.45,,ga750c-2__bf-1_a1-2.5_idle-0.02_lh-10,900602,0.00,,
,,,ga750c-2__bf-1_a1-2.5_l-0.01-0.08,900602,1259.79,,,,,,
,,,,,,,,,,,
,,,ga750c-3__bf-0_a1-2.5_l-0.01-0.05,900019,1482.23,,ga750c-3__bf-0_a1-2.5_idle-0.02_lh-0.05,900366,0.00,,
,,,ga750c-3__bf-0_a1-2.5_l-0.04-0.08,900366,892.40,,ga750c-3__bf-0_a1-2.5_idle-0.02_lh-0.1,900366,0.00,,
,,,ga750c-3__bf-0_a1-2.5_l-0.01-0.08,900366,923.11,,ga750c-3__bf-0_a1-2.5_idle-0.02_lh-0.5,900366,0.00,,
,,,ga750c-3__bf-1_a1-2.5_l-0.01-0.05,900366,958.36,,ga750c-3__bf-0_a1-2.5_idle-0.02_lh-1,900366,0.00,,
,,,ga750c-3__bf-1_a1-2.5_l-0.04-0.08,900366,888.28,,ga750c-3__bf-1_a1-2.5_idle-0.02_lh-10,900366,0.00,,
,,,ga750c-3__bf-1_a1-2.5_l-0.01-0.08,900366,928.24,,,,,,
,,,,,,,,,,,
,,,ga750c-4__bf-0_a1-2.5_l-0.01-0.05,900584,1163.41,,ga750c-4__bf-0_a1-2.5_idle-0.02_lh-0.05,900584,0.00,,
,,,ga750c-4__bf-0_a1-2.5_l-0.04-0.08,900584,1113.79,,ga750c-4__bf-0_a1-2.5_idle-0.02_lh-0.1,900584,0.00,,
,,,ga750c-4__bf-0_a1-2.5_l-0.01-0.08,900584,1123.03,,ga750c-4__bf-0_a1-2.5_idle-0.02_lh-0.5,900584,0.00,,
,,,ga750c-4__bf-1_a1-2.5_l-0.01-0.05,900584,1148.41,,ga750c-4__bf-0_a1-2.5_idle-0.02_lh-1,900584,0.00,,
,,,ga750c-4__bf-1_a1-2.5_l-0.04-0.08,900584,1104.84,,ga750c-4__bf-1_a1-2.5_idle-0.02_lh-10,900584,0.00,,
,,,ga750c-4__bf-1_a1-2.5_l-0.01-0.08,900584,1102.96,,,,,,
,,,,,,,,,,,
,,,ga750c-5__bf-0_a1-2.5_l-0.01-0.05,900634,1213.08,,ga750c-5__bf-0_a1-2.5_idle-0.02_lh-0.05,901076,0.00,,
,,,ga750c-5__bf-0_a1-2.5_l-0.04-0.08,900634,1134.18,,ga750c-5__bf-0_a1-2.5_idle-0.02_lh-0.1,901076,0.00,,
,,,ga750c-5__bf-0_a1-2.5_l-0.01-0.08,900634,1168.09,,ga750c-5__bf-0_a1-2.5_idle-0.02_lh-0.5,901076,0.00,,
,,,ga750c-5__bf-1_a1-2.5_l-0.01-0.05,899779,1673.10,,ga750c-5__bf-0_a1-2.5_idle-0.02_lh-1,901076,0.00,,
,,,ga750c-5__bf-1_a1-2.5_l-0.04-0.08,900634,1131.53,,ga750c-5__bf-1_a1-2.5_idle-0.02_lh-10,901076,0.00,,
,,,ga750c-5__bf-1_a1-2.5_l-0.01-0.08,900634,1180.92,,,,,,
,,,,,,,,,,,
,,,gs250a-1__bf-0_a1-2.5_l-0.01-0.05,257964,10.79,,gs250a-1__bf-0_a1-2.5_idle-0.02_lh-0.05,258138,0.01,,
,,,gs250a-1__bf-0_a1-2.5_l-0.04-0.08,257989,24.22,,gs250a-1__bf-0_a1-2.5_idle-0.02_lh-0.1,258138,0.01,,
,,,gs250a-1__bf-0_a1-2.5_l-0.01-0.08,257964,19.22,,gs250a-1__bf-0_a1-2.5_idle-0.02_lh-0.5,258110,0.18,,
,,,gs250a-1__bf-1_a1-2.5_l-0.01-0.05,257964,10.52,,gs250a-1__bf-0_a1-2.5_idle-0.02_lh-1,258112,0.26,,
,,,gs250a-1__bf-1_a1-2.5_l-0.04-0.08,257977,10.02,,gs250a-1__bf-1_a1-2.5_idle-0.02_lh-10,258110,0.24,,
,,,gs250a-1__bf-1_a1-2.5_l-0.01-0.08,257964,10.37,,,,,,
,,,,,,,,,,,
,,,gs250a-2__bf-0_a1-2.5_l-0.01-0.05,257573,23.12,,gs250a-2__bf-0_a1-2.5_idle-0.02_lh-0.05,257625,0.02,,
,,,gs250a-2__bf-0_a1-2.5_l-0.04-0.08,257573,12.59,,gs250a-2__bf-0_a1-2.5_idle-0.02_lh-0.1,257625,0.03,,
,,,gs250a-2__bf-0_a1-2.5_l-0.01-0.08,257573,22.27,,gs250a-2__bf-0_a1-2.5_idle-0.02_lh-0.5,257625,0.16,,
,,,gs250a-2__bf-1_a1-2.5_l-0.01-0.05,257573,12.07,,gs250a-2__bf-0_a1-2.5_idle-0.02_lh-1,257625,0.12,,
,,,gs250a-2__bf-1_a1-2.5_l-0.04-0.08,257592,15.22,,gs250a-2__bf-1_a1-2.5_idle-0.02_lh-10,257616,0.18,,
,,,gs250a-2__bf-1_a1-2.5_l-0.01-0.08,257577,14.33,,,,,,
,,,,,,,,,,,
,,,gs250a-3__bf-0_a1-2.5_l-0.01-0.05,257630,13.53,,gs250a-3__bf-0_a1-2.5_idle-0.02_lh-0.05,257810,0.04,,
,,,gs250a-3__bf-0_a1-2.5_l-0.04-0.08,257639,12.21,,gs250a-3__bf-0_a1-2.5_idle-0.02_lh-0.1,257810,0.04,,
,,,gs250a-3__bf-0_a1-2.5_l-0.01-0.08,257626,12.08,,gs250a-3__bf-0_a1-2.5_idle-0.02_lh-0.5,257711,0.31,,
,,,gs250a-3__bf-1_a1-2.5_l-0.01-0.05,257626,14.82,,gs250a-3__bf-0_a1-2.5_idle-0.02_lh-1,257829,0.31,,
,,,gs250a-3__bf-1_a1-2.5_l-0.04-0.08,257630,12.62,,gs250a-3__bf-1_a1-2.5_idle-0.02_lh-10,257742,0.23,,
,,,gs250a-3__bf-1_a1-2.5_l-0.01-0.08,257626,12.93,,,,,,
,,,,,,,,,,,
,,,gs250a-4__bf-0_a1-2.5_l-0.01-0.05,257977,13.76,,gs250a-4__bf-0_a1-2.5_idle-0.02_lh-0.05,258099,0.00,,
,,,gs250a-4__bf-0_a1-2.5_l-0.04-0.08,257985,16.54,,gs250a-4__bf-0_a1-2.5_idle-0.02_lh-0.1,258099,0.00,,
,,,gs250a-4__bf-0_a1-2.5_l-0.01-0.08,257977,15.18,,gs250a-4__bf-0_a1-2.5_idle-0.02_lh-0.5,258099,0.00,,
,,,gs250a-4__bf-1_a1-2.5_l-0.01-0.05,257999,14.65,,gs250a-4__bf-0_a1-2.5_idle-0.02_lh-1,258099,0.00,,
,,,gs250a-4__bf-1_a1-2.5_l-0.04-0.08,257993,25.12,,gs250a-4__bf-1_a1-2.5_idle-0.02_lh-10,258099,0.00,,
,,,gs250a-4__bf-1_a1-2.5_l-0.01-0.08,258010,12.64,,,,,,
,,,,,,,,,,,
,,,gs250a-5__bf-0_a1-2.5_l-0.01-0.05,257904,11.75,,gs250a-5__bf-0_a1-2.5_idle-0.02_lh-0.05,257930,0.16,,
,,,gs250a-5__bf-0_a1-2.5_l-0.04-0.08,257930,11.21,,gs250a-5__bf-0_a1-2.5_idle-0.02_lh-0.1,257930,0.16,,
,,,gs250a-5__bf-0_a1-2.5_l-0.01-0.08,257930,10.78,,gs250a-5__bf-0_a1-2.5_idle-0.02_lh-0.5,257987,0.59,,
,,,gs250a-5__bf-1_a1-2.5_l-0.01-0.05,257904,11.74,,gs250a-5__bf-0_a1-2.5_idle-0.02_lh-1,257955,0.91,,
,,,gs250a-5__bf-1_a1-2.5_l-0.04-0.08,257930,10.21,,gs250a-5__bf-1_a1-2.5_idle-0.02_lh-10,257930,0.29,,
,,,gs250a-5__bf-1_a1-2.5_l-0.01-0.08,257930,10.38,,,,,,
,,,,,,,,,,,
,,,gs250b-1__bf-0_a1-2.5_l-0.01-0.05,276850,11.41,,gs250b-1__bf-0_a1-2.5_idle-0.02_lh-0.05,276850,0.01,,
,,,gs250b-1__bf-0_a1-2.5_l-0.04-0.08,276761,16.67,,gs250b-1__bf-0_a1-2.5_idle-0.02_lh-0.1,276850,0.01,,
,,,gs250b-1__bf-0_a1-2.5_l-0.01-0.08,276761,13.35,,gs250b-1__bf-0_a1-2.5_idle-0.02_lh-0.5,276850,0.01,,
,,,gs250b-1__bf-1_a1-2.5_l-0.01-0.05,276761,13.73,,gs250b-1__bf-0_a1-2.5_idle-0.02_lh-1,276850,0.01,,
,,,gs250b-1__bf-1_a1-2.5_l-0.04-0.08,276850,11.10,,gs250b-1__bf-1_a1-2.5_idle-0.02_lh-10,276850,0.01,,
,,,gs250b-1__bf-1_a1-2.5_l-0.01-0.08,276850,10.91,,,,,,
,,,,,,,,,,,
,,,gs250b-2__bf-0_a1-2.5_l-0.01-0.05,275675,15.83,,gs250b-2__bf-0_a1-2.5_idle-0.02_lh-0.05,275928,0.06,,
,,,gs250b-2__bf-0_a1-2.5_l-0.04-0.08,275675,23.07,,gs250b-2__bf-0_a1-2.5_idle-0.02_lh-0.1,275928,0.06,,
,,,gs250b-2__bf-0_a1-2.5_l-0.01-0.08,275675,15.56,,gs250b-2__bf-0_a1-2.5_idle-0.02_lh-0.5,275928,0.06,,
,,,gs250b-2__bf-1_a1-2.5_l-0.01-0.05,275675,11.45,,gs250b-2__bf-0_a1-2.5_idle-0.02_lh-1,275928,0.12,,
,,,gs250b-2__bf-1_a1-2.5_l-0.04-0.08,275675,18.05,,gs250b-2__bf-1_a1-2.5_idle-0.02_lh-10,275928,0.12,,
,,,gs250b-2__bf-1_a1-2.5_l-0.01-0.08,275675,13.95,,,,,,
,,,,,,,,,,,
,,,gs250b-3__bf-0_a1-2.5_l-0.01-0.05,275710,19.35,,gs250b-3__bf-0_a1-2.5_idle-0.02_lh-0.05,276327,0.00,,
,,,gs250b-3__bf-0_a1-2.5_l-0.04-0.08,275889,12.54,,gs250b-3__bf-0_a1-2.5_idle-0.02_lh-0.1,276327,0.00,,
,,,gs250b-3__bf-0_a1-2.5_l-0.01-0.08,275710,23.66,,gs250b-3__bf-0_a1-2.5_idle-0.02_lh-0.5,276327,0.00,,
,,,gs250b-3__bf-1_a1-2.5_l-0.01-0.05,275710,14.89,,gs250b-3__bf-0_a1-2.5_idle-0.02_lh-1,276327,0.00,,
,,,gs250b-3__bf-1_a1-2.5_l-0.04-0.08,275710,17.19,,gs250b-3__bf-1_a1-2.5_idle-0.02_lh-10,276327,0.00,,
,,,gs250b-3__bf-1_a1-2.5_l-0.01-0.08,275710,12.93,,,,,,
,,,,,,,,,,,
,,,gs250b-4__bf-0_a1-2.5_l-0.01-0.05,276114,14.77,,gs250b-4__bf-0_a1-2.5_idle-0.02_lh-0.05,276730,0.01,,
,,,gs250b-4__bf-0_a1-2.5_l-0.04-0.08,276114,15.63,,gs250b-4__bf-0_a1-2.5_idle-0.02_lh-0.1,276730,0.01,,
,,,gs250b-4__bf-0_a1-2.5_l-0.01-0.08,276114,12.69,,gs250b-4__bf-0_a1-2.5_idle-0.02_lh-0.5,276730,0.06,,
,,,gs250b-4__bf-1_a1-2.5_l-0.01-0.05,276114,12.27,,gs250b-4__bf-0_a1-2.5_idle-0.02_lh-1,276730,0.09,,
,,,gs250b-4__bf-1_a1-2.5_l-0.04-0.08,276114,12.88,,gs250b-4__bf-1_a1-2.5_idle-0.02_lh-10,276660,0.10,,
,,,gs250b-4__bf-1_a1-2.5_l-0.01-0.08,276114,12.01,,,,,,
,,,,,,,,,,,
,,,gs250b-5__bf-0_a1-2.5_l-0.01-0.05,275916,15.67,,gs250b-5__bf-0_a1-2.5_idle-0.02_lh-0.05,276370,0.04,,
,,,gs250b-5__bf-0_a1-2.5_l-0.04-0.08,275916,20.94,,gs250b-5__bf-0_a1-2.5_idle-0.02_lh-0.1,276370,0.05,,
,,,gs250b-5__bf-0_a1-2.5_l-0.01-0.08,275916,11.89,,gs250b-5__bf-0_a1-2.5_idle-0.02_lh-0.5,276370,0.07,,
,,,gs250b-5__bf-1_a1-2.5_l-0.01-0.05,275916,12.05,,gs250b-5__bf-0_a1-2.5_idle-0.02_lh-1,276370,0.07,,
,,,gs250b-5__bf-1_a1-2.5_l-0.04-0.08,275916,12.10,,gs250b-5__bf-1_a1-2.5_idle-0.02_lh-10,276370,0.05,,
,,,gs250b-5__bf-1_a1-2.5_l-0.01-0.08,275916,11.22,,,,,,
,,,,,,,,,,,
,,,gs250c-1__bf-0_a1-2.5_l-0.01-0.05,332935,16.54,,gs250c-1__bf-0_a1-2.5_idle-0.02_lh-0.05,332935,0.00,,
,,,gs250c-1__bf-0_a1-2.5_l-0.04-0.08,332935,13.50,,gs250c-1__bf-0_a1-2.5_idle-0.02_lh-0.1,332935,0.00,,
,,,gs250c-1__bf-0_a1-2.5_l-0.01-0.08,332935,14.44,,gs250c-1__bf-0_a1-2.5_idle-0.02_lh-0.5,332935,0.00,,
,,,gs250c-1__bf-1_a1-2.5_l-0.01-0.05,332935,13.82,,gs250c-1__bf-0_a1-2.5_idle-0.02_lh-1,332935,0.00,,
,,,gs250c-1__bf-1_a1-2.5_l-0.04-0.08,332935,13.37,,gs250c-1__bf-1_a1-2.5_idle-0.02_lh-10,332935,0.00,,
,,,gs250c-1__bf-1_a1-2.5_l-0.01-0.08,332935,13.83,,,,,,
,,,,,,,,,,,
,,,gs250c-2__bf-0_a1-2.5_l-0.01-0.05,334630,24.15,,gs250c-2__bf-0_a1-2.5_idle-0.02_lh-0.05,334790,0.00,,
,,,gs250c-2__bf-0_a1-2.5_l-0.04-0.08,334790,15.10,,gs250c-2__bf-0_a1-2.5_idle-0.02_lh-0.1,334790,0.00,,
,,,gs250c-2__bf-0_a1-2.5_l-0.01-0.08,334758,27.36,,gs250c-2__bf-0_a1-2.5_idle-0.02_lh-0.5,334790,0.00,,
,,,gs250c-2__bf-1_a1-2.5_l-0.01-0.05,334630,21.66,,gs250c-2__bf-0_a1-2.5_idle-0.02_lh-1,334790,0.00,,
,,,gs250c-2__bf-1_a1-2.5_l-0.04-0.08,334758,26.72,,gs250c-2__bf-1_a1-2.5_idle-0.02_lh-10,334790,0.00,,
,,,gs250c-2__bf-1_a1-2.5_l-0.01-0.08,334630,20.47,,,,,,
,,,,,,,,,,,
,,,gs250c-3__bf-0_a1-2.5_l-0.01-0.05,333000,26.09,,gs250c-3__bf-0_a1-2.5_idle-0.02_lh-0.05,333128,0.00,,
,,,gs250c-3__bf-0_a1-2.5_l-0.04-0.08,333000,19.80,,gs250c-3__bf-0_a1-2.5_idle-0.02_lh-0.1,333128,0.00,,
,,,gs250c-3__bf-0_a1-2.5_l-0.01-0.08,333000,20.64,,gs250c-3__bf-0_a1-2.5_idle-0.02_lh-0.5,333128,0.00,,
,,,gs250c-3__bf-1_a1-2.5_l-0.01-0.05,333000,17.05,,gs250c-3__bf-0_a1-2.5_idle-0.02_lh-1,333128,0.00,,
,,,gs250c-3__bf-1_a1-2.5_l-0.04-0.08,333128,14.10,,gs250c-3__bf-1_a1-2.5_idle-0.02_lh-10,333128,0.00,,
,,,gs250c-3__bf-1_a1-2.5_l-0.01-0.08,333000,14.97,,,,,,
,,,,,,,,,,,
,,,gs250c-4__bf-0_a1-2.5_l-0.01-0.05,333158,17.97,,gs250c-4__bf-0_a1-2.5_idle-0.02_lh-0.05,333158,0.00,,
,,,gs250c-4__bf-0_a1-2.5_l-0.04-0.08,333158,13.99,,gs250c-4__bf-0_a1-2.5_idle-0.02_lh-0.1,333158,0.00,,
,,,gs250c-4__bf-0_a1-2.5_l-0.01-0.08,333158,15.69,,gs250c-4__bf-0_a1-2.5_idle-0.02_lh-0.5,333158,0.00,,
,,,gs250c-4__bf-1_a1-2.5_l-0.01-0.05,333158,15.51,,gs250c-4__bf-0_a1-2.5_idle-0.02_lh-1,333158,0.00,,
,,,gs250c-4__bf-1_a1-2.5_l-0.04-0.08,333158,13.71,,gs250c-4__bf-1_a1-2.5_idle-0.02_lh-10,333158,0.00,,
,,,gs250c-4__bf-1_a1-2.5_l-0.01-0.08,333158,14.53,,,,,,
,,,,,,,,,,,
,,,gs250c-5__bf-0_a1-2.5_l-0.01-0.05,334901,31.44,,gs250c-5__bf-0_a1-2.5_idle-0.02_lh-0.05,335226,0.00,,
,,,gs250c-5__bf-0_a1-2.5_l-0.04-0.08,334797,11.62,,gs250c-5__bf-0_a1-2.5_idle-0.02_lh-0.1,335226,0.00,,
,,,gs250c-5__bf-0_a1-2.5_l-0.01-0.08,334635,13.52,,gs250c-5__bf-0_a1-2.5_idle-0.02_lh-0.5,335226,0.00,,
,,,gs250c-5__bf-1_a1-2.5_l-0.01-0.05,334635,13.15,,gs250c-5__bf-0_a1-2.5_idle-0.02_lh-1,335226,0.00,,
,,,gs250c-5__bf-1_a1-2.5_l-0.04-0.08,334954,20.31,,gs250c-5__bf-1_a1-2.5_idle-0.02_lh-10,335226,0.00,,
,,,gs250c-5__bf-1_a1-2.5_l-0.01-0.08,334635,15.08,,,,,,
,,,,,,,,,,,
,,,gs500a-1__bf-0_a1-2.5_l-0.01-0.05,511188,293.70,,gs500a-1__bf-0_a1-2.5_idle-0.02_lh-0.05,511417,1.63,,
,,,gs500a-1__bf-0_a1-2.5_l-0.04-0.08,511322,209.86,,gs500a-1__bf-0_a1-2.5_idle-0.02_lh-0.1,511417,2.28,,
,,,gs500a-1__bf-0_a1-2.5_l-0.01-0.08,511311,298.78,,gs500a-1__bf-0_a1-2.5_idle-0.02_lh-0.5,511417,5.36,,
,,,gs500a-1__bf-1_a1-2.5_l-0.01-0.05,511188,454.51,,gs500a-1__bf-0_a1-2.5_idle-0.02_lh-1,511446,3.46,,
,,,gs500a-1__bf-1_a1-2.5_l-0.04-0.08,511256,280.30,,gs500a-1__bf-1_a1-2.5_idle-0.02_lh-10,511417,2.13,,
,,,gs500a-1__bf-1_a1-2.5_l-0.01-0.08,511214,365.41,,,,,,
,,,,,,,,,,,
,,,gs500a-2__bf-0_a1-2.5_l-0.01-0.05,511186,234.02,,gs500a-2__bf-0_a1-2.5_idle-0.02_lh-0.05,511459,2.96,,
,,,gs500a-2__bf-0_a1-2.5_l-0.04-0.08,511216,183.04,,gs500a-2__bf-0_a1-2.5_idle-0.02_lh-0.1,511271,5.97,,
,,,gs500a-2__bf-0_a1-2.5_l-0.01-0.08,511247,173.76,,gs500a-2__bf-0_a1-2.5_idle-0.02_lh-0.5,511508,9.46,,
,,,gs500a-2__bf-1_a1-2.5_l-0.01-0.05,511186,238.85,,gs500a-2__bf-0_a1-2.5_idle-0.02_lh-1,511465,13.95,,
,,,gs500a-2__bf-1_a1-2.5_l-0.04-0.08,511230,304.93,,gs500a-2__bf-1_a1-2.5_idle-0.02_lh-10,511388,2.39,,
,,,gs500a-2__bf-1_a1-2.5_l-0.01-0.08,511218,601.11,,,,,,
,,,,,,,,,,,
,,,gs500a-3__bf-0_a1-2.5_l-0.01-0.05,511154,290.07,,gs500a-3__bf-0_a1-2.5_idle-0.02_lh-0.05,511258,1.41,,
,,,gs500a-3__bf-0_a1-2.5_l-0.04-0.08,511191,282.59,,gs500a-3__bf-0_a1-2.5_idle-0.02_lh-0.1,511242,2.51,,
,,,gs500a-3__bf-0_a1-2.5_l-0.01-0.08,511163,201.72,,gs500a-3__bf-0_a1-2.5_idle-0.02_lh-0.5,511261,4.62,,
,,,gs500a-3__bf-1_a1-2.5_l-0.01-0.05,511194,197.17,,gs500a-3__bf-0_a1-2.5_idle-0.02_lh-1,511246,6.26,,
,,,gs500a-3__bf-1_a1-2.5_l-0.04-0.08,511215,226.27,,gs500a-3__bf-1_a1-2.5_idle-0.02_lh-10,511260,1.48,,
,,,gs500a-3__bf-1_a1-2.5_l-0.01-0.08,511151,250.34,,,,,,
,,,,,,,,,,,
,,,gs500a-4__bf-0_a1-2.5_l-0.01-0.05,511150,391.71,,gs500a-4__bf-0_a1-2.5_idle-0.02_lh-0.05,511530,0.57,,
,,,gs500a-4__bf-0_a1-2.5_l-0.04-0.08,511246,230.54,,gs500a-4__bf-0_a1-2.5_idle-0.02_lh-0.1,511437,4.43,,
,,,gs500a-4__bf-0_a1-2.5_l-0.01-0.08,511200,288.70,,gs500a-4__bf-0_a1-2.5_idle-0.02_lh-0.5,511521,4.07,,
,,,gs500a-4__bf-1_a1-2.5_l-0.01-0.05,511151,205.11,,gs500a-4__bf-0_a1-2.5_idle-0.02_lh-1,511521,3.70,,
,,,gs500a-4__bf-1_a1-2.5_l-0.04-0.08,511272,176.65,,gs500a-4__bf-1_a1-2.5_idle-0.02_lh-10,511457,1.92,,
,,,gs500a-4__bf-1_a1-2.5_l-0.01-0.08,511216,183.18,,,,,,
,,,,,,,,,,,
,,,gs500a-5__bf-0_a1-2.5_l-0.01-0.05,511304,538.30,,gs500a-5__bf-0_a1-2.5_idle-0.02_lh-0.05,511421,1.64,,
,,,gs500a-5__bf-0_a1-2.5_l-0.04-0.08,511399,167.86,,gs500a-5__bf-0_a1-2.5_idle-0.02_lh-0.1,511436,1.91,,
,,,gs500a-5__bf-0_a1-2.5_l-0.01-0.08,511368,299.70,,gs500a-5__bf-0_a1-2.5_idle-0.02_lh-0.5,511425,6.98,,
,,,gs500a-5__bf-1_a1-2.5_l-0.01-0.05,511307,496.96,,gs500a-5__bf-0_a1-2.5_idle-0.02_lh-1,511390,11.08,,
,,,gs500a-5__bf-1_a1-2.5_l-0.04-0.08,511399,160.86,,gs500a-5__bf-1_a1-2.5_idle-0.02_lh-10,511399,1.92,,
,,,gs500a-5__bf-1_a1-2.5_l-0.01-0.08,511329,295.26,,,,,,
,,,,,,,,,,,
,,,gs500b-1__bf-0_a1-2.5_l-0.01-0.05,538189,199.92,,gs500b-1__bf-0_a1-2.5_idle-0.02_lh-0.05,538383,0.85,,
,,,gs500b-1__bf-0_a1-2.5_l-0.04-0.08,538079,355.64,,gs500b-1__bf-0_a1-2.5_idle-0.02_lh-0.1,538383,0.85,,
,,,gs500b-1__bf-0_a1-2.5_l-0.01-0.08,537933,281.67,,gs500b-1__bf-0_a1-2.5_idle-0.02_lh-0.5,538201,2.23,,
,,,gs500b-1__bf-1_a1-2.5_l-0.01-0.05,537931,401.46,,gs500b-1__bf-0_a1-2.5_idle-0.02_lh-1,538349,3.61,,
,,,gs500b-1__bf-1_a1-2.5_l-0.04-0.08,538390,195.91,,gs500b-1__bf-1_a1-2.5_idle-0.02_lh-10,538490,1.01,,
,,,gs500b-1__bf-1_a1-2.5_l-0.01-0.08,538102,244.86,,,,,,
,,,,,,,,,,,
,,,gs500b-2__bf-0_a1-2.5_l-0.01-0.05,537807,407.89,,gs500b-2__bf-0_a1-2.5_idle-0.02_lh-0.05,538167,0.38,,
,,,gs500b-2__bf-0_a1-2.5_l-0.04-0.08,538055,178.85,,gs500b-2__bf-0_a1-2.5_idle-0.02_lh-0.1,538167,0.38,,
,,,gs500b-2__bf-0_a1-2.5_l-0.01-0.08,538055,186.41,,gs500b-2__bf-0_a1-2.5_idle-0.02_lh-0.5,538239,0.69,,
,,,gs500b-2__bf-1_a1-2.5_l-0.01-0.05,537811,196.71,,gs500b-2__bf-0_a1-2.5_idle-0.02_lh-1,538239,1.34,,
,,,gs500b-2__bf-1_a1-2.5_l-0.04-0.08,538055,169.75,,gs500b-2__bf-1_a1-2.5_idle-0.02_lh-10,538055,2.64,,
,,,gs500b-2__bf-1_a1-2.5_l-0.01-0.08,537825,249.78,,,,,,
,,,,,,,,,,,
,,,gs500b-3__bf-0_a1-2.5_l-0.01-0.05,537854,249.26,,gs500b-3__bf-0_a1-2.5_idle-0.02_lh-0.05,538668,0.51,,
,,,gs500b-3__bf-0_a1-2.5_l-0.04-0.08,538155,317.50,,gs500b-3__bf-0_a1-2.5_idle-0.02_lh-0.1,538668,0.51,,
,,,gs500b-3__bf-0_a1-2.5_l-0.01-0.08,538103,282.35,,gs500b-3__bf-0_a1-2.5_idle-0.02_lh-0.5,538243,3.79,,
,,,gs500b-3__bf-1_a1-2.5_l-0.01-0.05,537984,347.50,,gs500b-3__bf-0_a1-2.5_idle-0.02_lh-1,538630,2.01,,
,,,gs500b-3__bf-1_a1-2.5_l-0.04-0.08,538181,183.08,,gs500b-3__bf-1_a1-2.5_idle-0.02_lh-10,538181,3.15,,
,,,gs500b-3__bf-1_a1-2.5_l-0.01-0.08,538028,291.95,,,,,,
,,,,,,,,,,,
,,,gs500b-4__bf-0_a1-2.5_l-0.01-0.05,537822,285.95,,gs500b-4__bf-0_a1-2.5_idle-0.02_lh-0.05,538521,1.20,,
,,,gs500b-4__bf-0_a1-2.5_l-0.04-0.08,538194,185.41,,gs500b-4__bf-0_a1-2.5_idle-0.02_lh-0.1,538644,0.80,,
,,,gs500b-4__bf-0_a1-2.5_l-0.01-0.08,537779,191.47,,gs500b-4__bf-0_a1-2.5_idle-0.02_lh-0.5,538521,1.91,,
,,,gs500b-4__bf-1_a1-2.5_l-0.01-0.05,537742,200.77,,gs500b-4__bf-0_a1-2.5_idle-0.02_lh-1,538598,2.65,,
,,,gs500b-4__bf-1_a1-2.5_l-0.04-0.08,538186,293.48,,gs500b-4__bf-1_a1-2.5_idle-0.02_lh-10,537998,3.01,,
,,,gs500b-4__bf-1_a1-2.5_l-0.01-0.08,537928,197.85,,,,,,
,,,,,,,,,,,
,,,gs500b-5__bf-0_a1-2.5_l-0.01-0.05,538377,327.99,,gs500b-5__bf-0_a1-2.5_idle-0.02_lh-0.05,538698,0.44,,
,,,gs500b-5__bf-0_a1-2.5_l-0.04-0.08,538698,189.94,,gs500b-5__bf-0_a1-2.5_idle-0.02_lh-0.1,538698,0.43,,
,,,gs500b-5__bf-0_a1-2.5_l-0.01-0.08,538624,269.38,,gs500b-5__bf-0_a1-2.5_idle-0.02_lh-0.5,538698,0.43,,
,,,gs500b-5__bf-1_a1-2.5_l-0.01-0.05,538352,216.13,,gs500b-5__bf-0_a1-2.5_idle-0.02_lh-1,538698,0.91,,
,,,gs500b-5__bf-1_a1-2.5_l-0.04-0.08,538584,180.74,,gs500b-5__bf-1_a1-2.5_idle-0.02_lh-10,538698,0.91,,
,,,gs500b-5__bf-1_a1-2.5_l-0.01-0.08,538584,183.75,,,,,,
,,,,,,,,,,,
,,,gs500c-1__bf-0_a1-2.5_l-0.01-0.05,620041,306.77,,gs500c-1__bf-0_a1-2.5_idle-0.02_lh-0.05,620639,0.00,,
,,,gs500c-1__bf-0_a1-2.5_l-0.04-0.08,620639,201.05,,gs500c-1__bf-0_a1-2.5_idle-0.02_lh-0.1,620639,0.00,,
,,,gs500c-1__bf-0_a1-2.5_l-0.01-0.08,620639,207.23,,gs500c-1__bf-0_a1-2.5_idle-0.02_lh-0.5,620639,0.00,,
,,,gs500c-1__bf-1_a1-2.5_l-0.01-0.05,620041,212.72,,gs500c-1__bf-0_a1-2.5_idle-0.02_lh-1,620639,0.00,,
,,,gs500c-1__bf-1_a1-2.5_l-0.04-0.08,620041,203.17,,gs500c-1__bf-1_a1-2.5_idle-0.02_lh-10,620639,0.00,,
,,,gs500c-1__bf-1_a1-2.5_l-0.01-0.08,620041,206.70,,,,,,
,,,,,,,,,,,
,,,gs500c-2__bf-0_a1-2.5_l-0.01-0.05,620434,230.90,,gs500c-2__bf-0_a1-2.5_idle-0.02_lh-0.05,620434,0.00,,
,,,gs500c-2__bf-0_a1-2.5_l-0.04-0.08,620434,210.07,,gs500c-2__bf-0_a1-2.5_idle-0.02_lh-0.1,620434,0.00,,
,,,gs500c-2__bf-0_a1-2.5_l-0.01-0.08,620434,216.42,,gs500c-2__bf-0_a1-2.5_idle-0.02_lh-0.5,620434,0.00,,
,,,gs500c-2__bf-1_a1-2.5_l-0.01-0.05,620434,212.49,,gs500c-2__bf-0_a1-2.5_idle-0.02_lh-1,620434,0.00,,
,,,gs500c-2__bf-1_a1-2.5_l-0.04-0.08,620434,210.87,,gs500c-2__bf-1_a1-2.5_idle-0.02_lh-10,620434,0.00,,
,,,gs500c-2__bf-1_a1-2.5_l-0.01-0.08,620434,214.84,,,,,,
,,,,,,,,,,,
,,,gs500c-3__bf-0_a1-2.5_l-0.01-0.05,621204,219.22,,gs500c-3__bf-0_a1-2.5_idle-0.02_lh-0.05,621204,0.00,,
,,,gs500c-3__bf-0_a1-2.5_l-0.04-0.08,621204,207.51,,gs500c-3__bf-0_a1-2.5_idle-0.02_lh-0.1,621204,0.00,,
,,,gs500c-3__bf-0_a1-2.5_l-0.01-0.08,621204,209.93,,gs500c-3__bf-0_a1-2.5_idle-0.02_lh-0.5,621204,0.00,,
,,,gs500c-3__bf-1_a1-2.5_l-0.01-0.05,621204,210.47,,gs500c-3__bf-0_a1-2.5_idle-0.02_lh-1,621204,0.00,,
,,,gs500c-3__bf-1_a1-2.5_l-0.04-0.08,621204,202.10,,gs500c-3__bf-1_a1-2.5_idle-0.02_lh-10,621204,0.00,,
,,,gs500c-3__bf-1_a1-2.5_l-0.01-0.08,621204,206.56,,,,,,
,,,,,,,,,,,
,,,gs500c-4__bf-0_a1-2.5_l-0.01-0.05,620437,220.69,,gs500c-4__bf-0_a1-2.5_idle-0.02_lh-0.05,621166,0.10,,
,,,gs500c-4__bf-0_a1-2.5_l-0.04-0.08,620437,193.67,,gs500c-4__bf-0_a1-2.5_idle-0.02_lh-0.1,621166,0.10,,
,,,gs500c-4__bf-0_a1-2.5_l-0.01-0.08,620437,199.25,,gs500c-4__bf-0_a1-2.5_idle-0.02_lh-0.5,621166,0.10,,
,,,gs500c-4__bf-1_a1-2.5_l-0.01-0.05,620437,210.02,,gs500c-4__bf-0_a1-2.5_idle-0.02_lh-1,621166,0.11,,
,,,gs500c-4__bf-1_a1-2.5_l-0.04-0.08,620437,193.82,,gs500c-4__bf-1_a1-2.5_idle-0.02_lh-10,621166,0.10,,
,,,gs500c-4__bf-1_a1-2.5_l-0.01-0.08,620437,199.09,,,,,,
,,,,,,,,,,,
,,,gs500c-5__bf-0_a1-2.5_l-0.01-0.05,623548,349.96,,gs500c-5__bf-0_a1-2.5_idle-0.02_lh-0.05,626125,0.00,,
,,,gs500c-5__bf-0_a1-2.5_l-0.04-0.08,623583,189.17,,gs500c-5__bf-0_a1-2.5_idle-0.02_lh-0.1,626125,0.00,,
,,,gs500c-5__bf-0_a1-2.5_l-0.01-0.08,623583,199.56,,gs500c-5__bf-0_a1-2.5_idle-0.02_lh-0.5,626125,0.00,,
,,,gs500c-5__bf-1_a1-2.5_l-0.01-0.05,623444,346.20,,gs500c-5__bf-0_a1-2.5_idle-0.02_lh-1,626125,0.00,,
,,,gs500c-5__bf-1_a1-2.5_l-0.04-0.08,624313,185.79,,gs500c-5__bf-1_a1-2.5_idle-0.02_lh-10,626125,0.00,,
,,,gs500c-5__bf-1_a1-2.5_l-0.01-0.08,623874,442.25,,,,,,
,,,,,,,,,,,
,,,gs750a-1__bf-0_a1-2.5_l-0.01-0.05,763718,1171.53,,gs750a-1__bf-0_a1-2.5_idle-0.02_lh-0.05,763848,6.12,,
,,,gs750a-1__bf-0_a1-2.5_l-0.04-0.08,763805,1311.07,,gs750a-1__bf-0_a1-2.5_idle-0.02_lh-0.1,763827,23.03,,
,,,gs750a-1__bf-0_a1-2.5_l-0.01-0.08,763722,1047.10,,gs750a-1__bf-0_a1-2.5_idle-0.02_lh-0.5,763864,47.34,,
,,,gs750a-1__bf-1_a1-2.5_l-0.01-0.05,763684,1374.00,,gs750a-1__bf-0_a1-2.5_idle-0.02_lh-1,763885,75.31,,
,,,gs750a-1__bf-1_a1-2.5_l-0.04-0.08,763730,1006.46,,gs750a-1__bf-1_a1-2.5_idle-0.02_lh-10,763872,9.42,,
,,,gs750a-1__bf-1_a1-2.5_l-0.01-0.08,763806,1129.74,,,,,,
,,,,,,,,,,,
,,,gs750a-2__bf-0_a1-2.5_l-0.01-0.05,763625,1212.96,,gs750a-2__bf-0_a1-2.5_idle-0.02_lh-0.05,763652,18.27,,
,,,gs750a-2__bf-0_a1-2.5_l-0.04-0.08,763650,1043.38,,gs750a-2__bf-0_a1-2.5_idle-0.02_lh-0.1,763716,32.96,,
,,,gs750a-2__bf-0_a1-2.5_l-0.01-0.08,763650,1059.50,,gs750a-2__bf-0_a1-2.5_idle-0.02_lh-0.5,763827,20.29,,
,,,gs750a-2__bf-1_a1-2.5_l-0.01-0.05,763568,1465.58,,gs750a-2__bf-0_a1-2.5_idle-0.02_lh-1,763759,49.75,,
,,,gs750a-2__bf-1_a1-2.5_l-0.04-0.08,763650,1012.24,,gs750a-2__bf-1_a1-2.5_idle-0.02_lh-10,763650,9.38,,
,,,gs750a-2__bf-1_a1-2.5_l-0.01-0.08,763649,1941.49,,,,,,
,,,,,,,,,,,
,,,gs750a-3__bf-0_a1-2.5_l-0.01-0.05,763727,1592.83,,gs750a-3__bf-0_a1-2.5_idle-0.02_lh-0.05,763924,6.02,,
,,,gs750a-3__bf-0_a1-2.5_l-0.04-0.08,763853,1438.05,,gs750a-3__bf-0_a1-2.5_idle-0.02_lh-0.1,763926,10.04,,
,,,gs750a-3__bf-0_a1-2.5_l-0.01-0.08,763788,1038.82,,gs750a-3__bf-0_a1-2.5_idle-0.02_lh-0.5,763920,24.16,,
,,,gs750a-3__bf-1_a1-2.5_l-0.01-0.05,763774,1755.04,,gs750a-3__bf-0_a1-2.5_idle-0.02_lh-1,763970,17.58,,
,,,gs750a-3__bf-1_a1-2.5_l-0.04-0.08,763784,2526.49,,gs750a-3__bf-1_a1-2.5_idle-0.02_lh-10,763885,11.79,,
,,,gs750a-3__bf-1_a1-2.5_l-0.01-0.08,763843,1532.27,,,,,,
,,,,,,,,,,,
,,,gs750a-4__bf-0_a1-2.5_l-0.01-0.05,763991,1376.26,,gs750a-4__bf-0_a1-2.5_idle-0.02_lh-0.05,764097,5.74,,
,,,gs750a-4__bf-0_a1-2.5_l-0.04-0.08,763990,1008.90,,gs750a-4__bf-0_a1-2.5_idle-0.02_lh-0.1,764084,7.38,,
,,,gs750a-4__bf-0_a1-2.5_l-0.01-0.08,764030,1024.12,,gs750a-4__bf-0_a1-2.5_idle-0.02_lh-0.5,764034,31.41,,
,,,gs750a-4__bf-1_a1-2.5_l-0.01-0.05,763963,1585.54,,gs750a-4__bf-0_a1-2.5_idle-0.02_lh-1,764111,15.23,,
,,,gs750a-4__bf-1_a1-2.5_l-0.04-0.08,763990,1004.18,,gs750a-4__bf-1_a1-2.5_idle-0.02_lh-10,764024,8.15,,
,,,gs750a-4__bf-1_a1-2.5_l-0.01-0.08,764014,982.14,,,,,,
,,,,,,,,,,,
,,,gs750a-5__bf-0_a1-2.5_l-0.01-0.05,763648,2878.66,,gs750a-5__bf-0_a1-2.5_idle-0.02_lh-0.05,763838,15.47,,
,,,gs750a-5__bf-0_a1-2.5_l-0.04-0.08,763737,1049.73,,gs750a-5__bf-0_a1-2.5_idle-0.02_lh-0.1,763834,19.92,,
,,,gs750a-5__bf-0_a1-2.5_l-0.01-0.08,763625,1458.75,,gs750a-5__bf-0_a1-2.5_idle-0.02_lh-0.5,763853,60.77,,
,,,gs750a-5__bf-1_a1-2.5_l-0.01-0.05,763666,1152.30,,gs750a-5__bf-0_a1-2.5_idle-0.02_lh-1,763937,22.18,,
,,,gs750a-5__bf-1_a1-2.5_l-0.04-0.08,763762,1418.39,,gs750a-5__bf-1_a1-2.5_idle-0.02_lh-10,763886,12.13,,
,,,gs750a-5__bf-1_a1-2.5_l-0.01-0.08,763746,1447.84,,,,,,
,,,,,,,,,,,
,,,gs750b-1__bf-0_a1-2.5_l-0.01-0.05,797225,1907.92,,gs750b-1__bf-0_a1-2.5_idle-0.02_lh-0.05,798136,0.16,,
,,,gs750b-1__bf-0_a1-2.5_l-0.04-0.08,797388,1063.58,,gs750b-1__bf-0_a1-2.5_idle-0.02_lh-0.1,798136,0.16,,
,,,gs750b-1__bf-0_a1-2.5_l-0.01-0.08,797388,1044.02,,gs750b-1__bf-0_a1-2.5_idle-0.02_lh-0.5,798136,0.16,,
,,,gs750b-1__bf-1_a1-2.5_l-0.01-0.05,797026,1029.27,,gs750b-1__bf-0_a1-2.5_idle-0.02_lh-1,798088,3.46,,
,,,gs750b-1__bf-1_a1-2.5_l-0.04-0.08,797470,1014.54,,gs750b-1__bf-1_a1-2.5_idle-0.02_lh-10,797470,16.66,,
,,,gs750b-1__bf-1_a1-2.5_l-0.01-0.08,797470,1018.61,,,,,,
,,,,,,,,,,,
,,,gs750b-2__bf-0_a1-2.5_l-0.01-0.05,796418,1065.70,,gs750b-2__bf-0_a1-2.5_idle-0.02_lh-0.05,796467,3.12,,
,,,gs750b-2__bf-0_a1-2.5_l-0.04-0.08,796418,1075.09,,gs750b-2__bf-0_a1-2.5_idle-0.02_lh-0.1,796460,4.18,,
,,,gs750b-2__bf-0_a1-2.5_l-0.01-0.08,796418,1068.30,,gs750b-2__bf-0_a1-2.5_idle-0.02_lh-0.5,796541,11.41,,
,,,gs750b-2__bf-1_a1-2.5_l-0.01-0.05,796287,1352.32,,gs750b-2__bf-0_a1-2.5_idle-0.02_lh-1,796603,11.29,,
,,,gs750b-2__bf-1_a1-2.5_l-0.04-0.08,796418,1029.53,,gs750b-2__bf-1_a1-2.5_idle-0.02_lh-10,796418,4.52,,
,,,gs750b-2__bf-1_a1-2.5_l-0.01-0.08,796418,1060.95,,,,,,
,,,,,,,,,,,
,,,gs750b-3__bf-0_a1-2.5_l-0.01-0.05,796819,1235.60,,gs750b-3__bf-0_a1-2.5_idle-0.02_lh-0.05,797595,3.17,,
,,,gs750b-3__bf-0_a1-2.5_l-0.04-0.08,797304,1108.69,,gs750b-3__bf-0_a1-2.5_idle-0.02_lh-0.1,797656,3.49,,
,,,gs750b-3__bf-0_a1-2.5_l-0.01-0.08,797300,2182.42,,gs750b-3__bf-0_a1-2.5_idle-0.02_lh-0.5,797542,19.22,,
,,,gs750b-3__bf-1_a1-2.5_l-0.01-0.05,796737,1280.05,,gs750b-3__bf-0_a1-2.5_idle-0.02_lh-1,797408,31.01,,
,,,gs750b-3__bf-1_a1-2.5_l-0.04-0.08,796913,1072.33,,gs750b-3__bf-1_a1-2.5_idle-0.02_lh-10,797503,10.64,,
,,,gs750b-3__bf-1_a1-2.5_l-0.01-0.08,796589,1086.30,,,,,,
,,,,,,,,,,,
,,,gs750b-4__bf-0_a1-2.5_l-0.01-0.05,796964,1738.04,,gs750b-4__bf-0_a1-2.5_idle-0.02_lh-0.05,797344,2.76,,
,,,gs750b-4__bf-0_a1-2.5_l-0.04-0.08,797161,1073.50,,gs750b-4__bf-0_a1-2.5_idle-0.02_lh-0.1,797344,2.77,,
,,,gs750b-4__bf-0_a1-2.5_l-0.01-0.08,797161,1086.36,,gs750b-4__bf-0_a1-2.5_idle-0.02_lh-0.5,797363,9.05,,
,,,gs750b-4__bf-1_a1-2.5_l-0.01-0.05,796709,2342.40,,gs750b-4__bf-0_a1-2.5_idle-0.02_lh-1,797324,17.34,,
,,,gs750b-4__bf-1_a1-2.5_l-0.04-0.08,797161,1063.36,,gs750b-4__bf-1_a1-2.5_idle-0.02_lh-10,797161,6.75,,
,,,gs750b-4__bf-1_a1-2.5_l-0.01-0.08,797161,1041.19,,,,,,
,,,,,,,,,,,
,,,gs750b-5__bf-0_a1-2.5_l-0.01-0.05,796415,1057.31,,gs750b-5__bf-0_a1-2.5_idle-0.02_lh-0.05,796800,1.19,,
,,,gs750b-5__bf-0_a1-2.5_l-0.04-0.08,796415,1069.12,,gs750b-5__bf-0_a1-2.5_idle-0.02_lh-0.1,796800,1.18,,
,,,gs750b-5__bf-0_a1-2.5_l-0.01-0.08,796415,1061.61,,gs750b-5__bf-0_a1-2.5_idle-0.02_lh-0.5,796970,2.48,,
,,,gs750b-5__bf-1_a1-2.5_l-0.01-0.05,796415,1028.39,,gs750b-5__bf-0_a1-2.5_idle-0.02_lh-1,796970,2.49,,
,,,gs750b-5__bf-1_a1-2.5_l-0.04-0.08,796415,1021.56,,gs750b-5__bf-1_a1-2.5_idle-0.02_lh-10,796415,10.46,,
,,,gs750b-5__bf-1_a1-2.5_l-0.01-0.08,796415,1014.52,,,,,,
,,,,,,,,,,,
,,,gs750c-1__bf-0_a1-2.5_l-0.01-0.05,901642,1152.41,,gs750c-1__bf-0_a1-2.5_idle-0.02_lh-0.05,901642,0.00,,
,,,gs750c-1__bf-0_a1-2.5_l-0.04-0.08,901642,1094.75,,gs750c-1__bf-0_a1-2.5_idle-0.02_lh-0.1,901642,0.00,,
,,,gs750c-1__bf-0_a1-2.5_l-0.01-0.08,901642,1149.45,,gs750c-1__bf-0_a1-2.5_idle-0.02_lh-0.5,901642,0.00,,
,,,gs750c-1__bf-1_a1-2.5_l-0.01-0.05,901563,1319.93,,gs750c-1__bf-0_a1-2.5_idle-0.02_lh-1,901642,0.00,,
,,,gs750c-1__bf-1_a1-2.5_l-0.04-0.08,901642,1102.26,,gs750c-1__bf-1_a1-2.5_idle-0.02_lh-10,901642,0.00,,
,,,gs750c-1__bf-1_a1-2.5_l-0.01-0.08,901642,1147.04,,,,,,
,,,,,,,,,,,
,,,gs750c-2__bf-0_a1-2.5_l-0.01-0.05,897886,1117.56,,gs750c-2__bf-0_a1-2.5_idle-0.02_lh-0.05,898991,0.00,,
,,,gs750c-2__bf-0_a1-2.5_l-0.04-0.08,897886,1035.10,,gs750c-2__bf-0_a1-2.5_idle-0.02_lh-0.1,898991,0.00,,
,,,gs750c-2__bf-0_a1-2.5_l-0.01-0.08,897886,1053.61,,gs750c-2__bf-0_a1-2.5_idle-0.02_lh-0.5,898991,0.00,,
,,,gs750c-2__bf-1_a1-2.5_l-0.01-0.05,897886,1098.55,,gs750c-2__bf-0_a1-2.5_idle-0.02_lh-1,898991,0.00,,
,,,gs750c-2__bf-1_a1-2.5_l-0.04-0.08,897886,1035.93,,gs750c-2__bf-1_a1-2.5_idle-0.02_lh-10,898991,0.00,,
,,,gs750c-2__bf-1_a1-2.5_l-0.01-0.08,897886,1047.26,,,,,,
,,,,,,,,,,,
,,,gs750c-3__bf-0_a1-2.5_l-0.01-0.05,902386,1125.85,,gs750c-3__bf-0_a1-2.5_idle-0.02_lh-0.05,902386,0.00,,
,,,gs750c-3__bf-0_a1-2.5_l-0.04-0.08,902386,1064.72,,gs750c-3__bf-0_a1-2.5_idle-0.02_lh-0.1,902386,0.00,,
,,,gs750c-3__bf-0_a1-2.5_l-0.01-0.08,902386,1105.22,,gs750c-3__bf-0_a1-2.5_idle-0.02_lh-0.5,902386,0.00,,
,,,gs750c-3__bf-1_a1-2.5_l-0.01-0.05,902386,1128.74,,gs750c-3__bf-0_a1-2.5_idle-0.02_lh-1,902386,0.00,,
,,,gs750c-3__bf-1_a1-2.5_l-0.04-0.08,902386,1075.83,,gs750c-3__bf-1_a1-2.5_idle-0.02_lh-10,902386,0.00,,
,,,gs750c-3__bf-1_a1-2.5_l-0.01-0.08,902386,1125.41,,,,,,
,,,,,,,,,,,
,,,gs750c-4__bf-0_a1-2.5_l-0.01-0.05,902204,1136.08,,gs750c-4__bf-0_a1-2.5_idle-0.02_lh-0.05,902624,0.00,,
,,,gs750c-4__bf-0_a1-2.5_l-0.04-0.08,902204,1053.58,,gs750c-4__bf-0_a1-2.5_idle-0.02_lh-0.1,902624,0.00,,
,,,gs750c-4__bf-0_a1-2.5_l-0.01-0.08,902204,1091.12,,gs750c-4__bf-0_a1-2.5_idle-0.02_lh-0.5,902624,0.00,,
,,,gs750c-4__bf-1_a1-2.5_l-0.01-0.05,902204,1124.36,,gs750c-4__bf-0_a1-2.5_idle-0.02_lh-1,902624,0.00,,
,,,gs750c-4__bf-1_a1-2.5_l-0.04-0.08,902204,1043.35,,gs750c-4__bf-1_a1-2.5_idle-0.02_lh-10,902624,0.00,,
,,,gs750c-4__bf-1_a1-2.5_l-0.01-0.08,902204,1058.19,,,,,,
,,,,,,,,,,,
,,,gs750c-5__bf-0_a1-2.5_l-0.01-0.05,900216,1108.74,,gs750c-5__bf-0_a1-2.5_idle-0.02_lh-0.05,900991,0.00,,
,,,gs750c-5__bf-0_a1-2.5_l-0.04-0.08,900216,998.53,,gs750c-5__bf-0_a1-2.5_idle-0.02_lh-0.1,900991,0.00,,
,,,gs750c-5__bf-0_a1-2.5_l-0.01-0.08,900216,1051.13,,gs750c-5__bf-0_a1-2.5_idle-0.02_lh-0.5,900991,0.00,,
,,,gs750c-5__bf-1_a1-2.5_l-0.01-0.05,900216,1092.96,,gs750c-5__bf-0_a1-2.5_idle-0.02_lh-1,900991,0.00,,
,,,gs750c-5__bf-1_a1-2.5_l-0.04-0.08,900216,996.54,,gs750c-5__bf-1_a1-2.5_idle-0.02_lh-10,900991,0.00,,
,,,gs750c-5__bf-1_a1-2.5_l-0.01-0.08,900216,1030.47,,,,,,